{
  "val_rmspe": 0.12895822701397922,
  "best_iteration": 1741,
  "best_score": 0.128958
}